{
    "name": "Global Information",
    "numberOfRequests": {
        "total": 60,
        "ok": 60,
        "ko": 0
    },
    "minResponseTime": {
        "total": 20,
        "ok": 20,
        "ko": 0
    },
    "maxResponseTime": {
        "total": 206,
        "ok": 206,
        "ko": 0
    },
    "meanResponseTime": {
        "total": 79,
        "ok": 79,
        "ko": 0
    },
    "standardDeviation": {
        "total": 70,
        "ok": 70,
        "ko": 0
    },
    "percentiles1": {
        "total": 37,
        "ok": 37,
        "ko": 0
    },
    "percentiles2": {
        "total": 163,
        "ok": 163,
        "ko": 0
    },
    "percentiles3": {
        "total": 190,
        "ok": 190,
        "ko": 0
    },
    "percentiles4": {
        "total": 204,
        "ok": 204,
        "ko": 0
    },
    "group1": {
        "name": "t < 800 ms",
        "count": 60,
        "percentage": 100
    },
    "group2": {
        "name": "800 ms < t < 1200 ms",
        "count": 0,
        "percentage": 0
    },
    "group3": {
        "name": "t > 1200 ms",
        "count": 0,
        "percentage": 0
    },
    "group4": {
        "name": "failed",
        "count": 0,
        "percentage": 0
    },
    "meanNumberOfRequestsPerSecond": {
        "total": 3.3333333333333335,
        "ok": 3.3333333333333335,
        "ko": 0
    }
}