{
  "type": "GROUP",
"name": "Global Information",
"path": "",
"pathFormatted": "group_missing-name-b06d1",
"stats": {
    "name": "Global Information",
    "numberOfRequests": {
        "total": 60,
        "ok": 60,
        "ko": 0
    },
    "minResponseTime": {
        "total": 20,
        "ok": 20,
        "ko": 0
    },
    "maxResponseTime": {
        "total": 206,
        "ok": 206,
        "ko": 0
    },
    "meanResponseTime": {
        "total": 79,
        "ok": 79,
        "ko": 0
    },
    "standardDeviation": {
        "total": 70,
        "ok": 70,
        "ko": 0
    },
    "percentiles1": {
        "total": 37,
        "ok": 37,
        "ko": 0
    },
    "percentiles2": {
        "total": 163,
        "ok": 163,
        "ko": 0
    },
    "percentiles3": {
        "total": 190,
        "ok": 190,
        "ko": 0
    },
    "percentiles4": {
        "total": 204,
        "ok": 204,
        "ko": 0
    },
    "group1": {
        "name": "t < 800 ms",
        "count": 60,
        "percentage": 100
    },
    "group2": {
        "name": "800 ms < t < 1200 ms",
        "count": 0,
        "percentage": 0
    },
    "group3": {
        "name": "t > 1200 ms",
        "count": 0,
        "percentage": 0
    },
    "group4": {
        "name": "failed",
        "count": 0,
        "percentage": 0
    },
    "meanNumberOfRequestsPerSecond": {
        "total": 3.3333333333333335,
        "ok": 3.3333333333333335,
        "ko": 0
    }
},
"contents": {
"req_go-to-betting-p-3979f": {
        "type": "REQUEST",
        "name": "Go to betting page",
"path": "Go to betting page",
"pathFormatted": "req_go-to-betting-p-3979f",
"stats": {
    "name": "Go to betting page",
    "numberOfRequests": {
        "total": 10,
        "ok": 10,
        "ko": 0
    },
    "minResponseTime": {
        "total": 161,
        "ok": 161,
        "ko": 0
    },
    "maxResponseTime": {
        "total": 206,
        "ok": 206,
        "ko": 0
    },
    "meanResponseTime": {
        "total": 186,
        "ok": 186,
        "ko": 0
    },
    "standardDeviation": {
        "total": 14,
        "ok": 14,
        "ko": 0
    },
    "percentiles1": {
        "total": 184,
        "ok": 184,
        "ko": 0
    },
    "percentiles2": {
        "total": 198,
        "ok": 198,
        "ko": 0
    },
    "percentiles3": {
        "total": 205,
        "ok": 205,
        "ko": 0
    },
    "percentiles4": {
        "total": 206,
        "ok": 206,
        "ko": 0
    },
    "group1": {
        "name": "t < 800 ms",
        "count": 10,
        "percentage": 100
    },
    "group2": {
        "name": "800 ms < t < 1200 ms",
        "count": 0,
        "percentage": 0
    },
    "group3": {
        "name": "t > 1200 ms",
        "count": 0,
        "percentage": 0
    },
    "group4": {
        "name": "failed",
        "count": 0,
        "percentage": 0
    },
    "meanNumberOfRequestsPerSecond": {
        "total": 0.5555555555555556,
        "ok": 0.5555555555555556,
        "ko": 0
    }
}
    },"req_add-team-c4a72": {
        "type": "REQUEST",
        "name": "Add team",
"path": "Add team",
"pathFormatted": "req_add-team-c4a72",
"stats": {
    "name": "Add team",
    "numberOfRequests": {
        "total": 10,
        "ok": 10,
        "ko": 0
    },
    "minResponseTime": {
        "total": 154,
        "ok": 154,
        "ko": 0
    },
    "maxResponseTime": {
        "total": 179,
        "ok": 179,
        "ko": 0
    },
    "meanResponseTime": {
        "total": 166,
        "ok": 166,
        "ko": 0
    },
    "standardDeviation": {
        "total": 8,
        "ok": 8,
        "ko": 0
    },
    "percentiles1": {
        "total": 167,
        "ok": 167,
        "ko": 0
    },
    "percentiles2": {
        "total": 170,
        "ok": 170,
        "ko": 0
    },
    "percentiles3": {
        "total": 178,
        "ok": 178,
        "ko": 0
    },
    "percentiles4": {
        "total": 179,
        "ok": 179,
        "ko": 0
    },
    "group1": {
        "name": "t < 800 ms",
        "count": 10,
        "percentage": 100
    },
    "group2": {
        "name": "800 ms < t < 1200 ms",
        "count": 0,
        "percentage": 0
    },
    "group3": {
        "name": "t > 1200 ms",
        "count": 0,
        "percentage": 0
    },
    "group4": {
        "name": "failed",
        "count": 0,
        "percentage": 0
    },
    "meanNumberOfRequestsPerSecond": {
        "total": 0.5555555555555556,
        "ok": 0.5555555555555556,
        "ko": 0
    }
}
    },"req_bet-added-to-pa-49402": {
        "type": "REQUEST",
        "name": "Bet added to payslip",
"path": "Bet added to payslip",
"pathFormatted": "req_bet-added-to-pa-49402",
"stats": {
    "name": "Bet added to payslip",
    "numberOfRequests": {
        "total": 10,
        "ok": 10,
        "ko": 0
    },
    "minResponseTime": {
        "total": 25,
        "ok": 25,
        "ko": 0
    },
    "maxResponseTime": {
        "total": 54,
        "ok": 54,
        "ko": 0
    },
    "meanResponseTime": {
        "total": 32,
        "ok": 32,
        "ko": 0
    },
    "standardDeviation": {
        "total": 9,
        "ok": 9,
        "ko": 0
    },
    "percentiles1": {
        "total": 29,
        "ok": 29,
        "ko": 0
    },
    "percentiles2": {
        "total": 35,
        "ok": 35,
        "ko": 0
    },
    "percentiles3": {
        "total": 47,
        "ok": 47,
        "ko": 0
    },
    "percentiles4": {
        "total": 53,
        "ok": 53,
        "ko": 0
    },
    "group1": {
        "name": "t < 800 ms",
        "count": 10,
        "percentage": 100
    },
    "group2": {
        "name": "800 ms < t < 1200 ms",
        "count": 0,
        "percentage": 0
    },
    "group3": {
        "name": "t > 1200 ms",
        "count": 0,
        "percentage": 0
    },
    "group4": {
        "name": "failed",
        "count": 0,
        "percentage": 0
    },
    "meanNumberOfRequestsPerSecond": {
        "total": 0.5555555555555556,
        "ok": 0.5555555555555556,
        "ko": 0
    }
}
    },"req_bet-added-f09b8": {
        "type": "REQUEST",
        "name": "Bet Added",
"path": "Bet Added",
"pathFormatted": "req_bet-added-f09b8",
"stats": {
    "name": "Bet Added",
    "numberOfRequests": {
        "total": 10,
        "ok": 10,
        "ko": 0
    },
    "minResponseTime": {
        "total": 36,
        "ok": 36,
        "ko": 0
    },
    "maxResponseTime": {
        "total": 66,
        "ok": 66,
        "ko": 0
    },
    "meanResponseTime": {
        "total": 42,
        "ok": 42,
        "ko": 0
    },
    "standardDeviation": {
        "total": 9,
        "ok": 9,
        "ko": 0
    },
    "percentiles1": {
        "total": 39,
        "ok": 39,
        "ko": 0
    },
    "percentiles2": {
        "total": 43,
        "ok": 43,
        "ko": 0
    },
    "percentiles3": {
        "total": 58,
        "ok": 58,
        "ko": 0
    },
    "percentiles4": {
        "total": 64,
        "ok": 64,
        "ko": 0
    },
    "group1": {
        "name": "t < 800 ms",
        "count": 10,
        "percentage": 100
    },
    "group2": {
        "name": "800 ms < t < 1200 ms",
        "count": 0,
        "percentage": 0
    },
    "group3": {
        "name": "t > 1200 ms",
        "count": 0,
        "percentage": 0
    },
    "group4": {
        "name": "failed",
        "count": 0,
        "percentage": 0
    },
    "meanNumberOfRequestsPerSecond": {
        "total": 0.5555555555555556,
        "ok": 0.5555555555555556,
        "ko": 0
    }
}
    },"req_place-bet-7dba1": {
        "type": "REQUEST",
        "name": "Place Bet",
"path": "Place Bet",
"pathFormatted": "req_place-bet-7dba1",
"stats": {
    "name": "Place Bet",
    "numberOfRequests": {
        "total": 10,
        "ok": 10,
        "ko": 0
    },
    "minResponseTime": {
        "total": 20,
        "ok": 20,
        "ko": 0
    },
    "maxResponseTime": {
        "total": 26,
        "ok": 26,
        "ko": 0
    },
    "meanResponseTime": {
        "total": 23,
        "ok": 23,
        "ko": 0
    },
    "standardDeviation": {
        "total": 2,
        "ok": 2,
        "ko": 0
    },
    "percentiles1": {
        "total": 23,
        "ok": 23,
        "ko": 0
    },
    "percentiles2": {
        "total": 24,
        "ok": 24,
        "ko": 0
    },
    "percentiles3": {
        "total": 25,
        "ok": 25,
        "ko": 0
    },
    "percentiles4": {
        "total": 26,
        "ok": 26,
        "ko": 0
    },
    "group1": {
        "name": "t < 800 ms",
        "count": 10,
        "percentage": 100
    },
    "group2": {
        "name": "800 ms < t < 1200 ms",
        "count": 0,
        "percentage": 0
    },
    "group3": {
        "name": "t > 1200 ms",
        "count": 0,
        "percentage": 0
    },
    "group4": {
        "name": "failed",
        "count": 0,
        "percentage": 0
    },
    "meanNumberOfRequestsPerSecond": {
        "total": 0.5555555555555556,
        "ok": 0.5555555555555556,
        "ko": 0
    }
}
    },"req_must-be-logged--ca393": {
        "type": "REQUEST",
        "name": "Must be logged in - oops",
"path": "Must be logged in - oops",
"pathFormatted": "req_must-be-logged--ca393",
"stats": {
    "name": "Must be logged in - oops",
    "numberOfRequests": {
        "total": 10,
        "ok": 10,
        "ko": 0
    },
    "minResponseTime": {
        "total": 20,
        "ok": 20,
        "ko": 0
    },
    "maxResponseTime": {
        "total": 38,
        "ok": 38,
        "ko": 0
    },
    "meanResponseTime": {
        "total": 24,
        "ok": 24,
        "ko": 0
    },
    "standardDeviation": {
        "total": 5,
        "ok": 5,
        "ko": 0
    },
    "percentiles1": {
        "total": 22,
        "ok": 22,
        "ko": 0
    },
    "percentiles2": {
        "total": 25,
        "ok": 25,
        "ko": 0
    },
    "percentiles3": {
        "total": 33,
        "ok": 33,
        "ko": 0
    },
    "percentiles4": {
        "total": 37,
        "ok": 37,
        "ko": 0
    },
    "group1": {
        "name": "t < 800 ms",
        "count": 10,
        "percentage": 100
    },
    "group2": {
        "name": "800 ms < t < 1200 ms",
        "count": 0,
        "percentage": 0
    },
    "group3": {
        "name": "t > 1200 ms",
        "count": 0,
        "percentage": 0
    },
    "group4": {
        "name": "failed",
        "count": 0,
        "percentage": 0
    },
    "meanNumberOfRequestsPerSecond": {
        "total": 0.5555555555555556,
        "ok": 0.5555555555555556,
        "ko": 0
    }
}
    }
}

}